movie_name,country,release_year,duration,director_gender,director_lastname,director_firstname,director_birthyear,director_deathyear,actor1_firstname,actor1_lastname,actor1_gender,actor1_birthyear,actor1_deathyear,actor2_firstname,actor2_lastname,actor2_gender,actor2_birthyear,actor2_deathyear,actor3_firstname,actor3_lastname,actor3_gender,actor3_birthyear,actor3_deathyear
Penguin Highway,Japan,2018,118,Male,Ishida,Hiroyasu,1988/7/3,,Kana,Kita,Female,1997/8/23,,Rie,Kugimiya,Female,1979/5/30,,Aoi,Yu,Female,1985/8/17,
Venom,China,2018,112,Male,Fleischer,Ruben,1974/10/31,,Tom,Hardy,Male,1977/9/15,,Michelle,Williams,Female,1980/9/9,,Riz,Ahmed,Male,1982/12/1,
Big Brother,China,2018,111,Male,Kam,Ka-Wai,,,Donnie,Yen,Male,1963/7/27,,Joe,Chen,Female,1979/4/4,,Ming-Kit,Lok,Unknown,,
Bungo Stray Dogs: Dead Apple,Japan,2018,90,Male,Igarashi,Takuya,1965/12/21,,Kensho,Ono,Male,1989/10/5,,Mamoru,Miyano,Male,1983/6/8,,Kisho,Taniyama,Male,1975/8/11,
Detective Dee: The Four Heavenly Kings,China,2018,132,Male,Tsui,Hark,1950/2/15,,Mark,Chao,Male,1984/9/25,,William,Feng,Male,1978/10/7,,Carina,Lau,Female,1966/12/8,
Peppermint,China,2018,102,Male,Morel,Pierre,1964/5/12,,Jennifer,Garner,Female,1972/4/17,,John,Gallagher,Male,1984/6/17,,John,Ortiz,Male,1968/5/23,
Kamen Rider Amazons The Movie: The Final Judgment,Japan,2018,101,Male,Ishida,Hidenori,1962/10/14,,Tom,Fujita,Male,1992/4/14,,Masashi,Taniguchi,Male,1977/11/5,,Rena,Takeda,Female,1997/7/27,
Jam,Japan,2018,104,Male,,SABU,1964/11/18,,Sho,Aoyagi,Male,1985/4/12,,Keita,Machida,Male,1990/7/4,,Nobuyuki,Suzuki,Male,1992/10/14,
My Hero Academia: Two Heroes,Japan,2018,96,Male,Nagasaki,Kenji,1979/2/12,,Daiki,Yamashita,Male,1989/9/7,,Kenta,Miyake,Male,1977/8/23,,Shida,Mirai,Female,1993/5/10,
Kusama: Infinity,Japan,2018,80,Female,Lenz,Heather,,,Yayoi,Kusama,Female,1929/3/22,,,,,,,,,,,
Jam,Japan,2018,104,Male,,SABU,1964/11/18,,Sho,Aoyagi,Male,1985/4/12,,Keita,Machida,Male,1990/7/4,,Nobuyuki,Suzuki,Male,1992/10/14,
Re:ZERO -Starting Life in Another World- Memory Snow,Japan,2018,60,Male,Koyanagi,Tatsuya,,,Yusuke,Kobayashi,Male,1985/3/25,,Rie,Takahashi,Female,1994/2/27,,Inori,Minase,Female,1995/12/2,
The Witch: Part 1. The Subversion,Hong Kong,2018,125,Male,Park,Hoon-jung,,,Da-mi,Kim,Female,1995/4/9,,Min-soo,Cho,Female,1965/1/29,,Hee-soon,Park,Male,1970/2/13,
Anemone: Eureka Seven Hi-Evolution,Japan,2018,95,Male,Shimizu,Hisatoshi,,,Ami,Koshimizu,Female,1986/2/15,,Runa,Tamano,Female,2008/7/23,,Yuuya,Uchida,Male,1965/12/3,
blank13,Japan,2018,81,Male,Saitoh,Takumi,1981/8/22,,Issey,Takahashi,Male,1980/12/9,,Mayu,Matsuoka,Female,1995/2/15,,Takumi,Saitoh,Male,1981/8/22,
I Want to Eat Your Pancreas,Japan,2018,108,Male,Ushijima,Shinichiro,,,Mahiro,Takasugi,Male,1996/7/4,,Lynn,,Female,1992/6/1,,Yukiyo,Fujii,Female,1985/5/8,
Sunny: Our Hearts Beat Together,Japan,2018,118,Male,One,Hitoshi,1968/12/28,,Ryoko,Shinohara,Female,1973/8/13,,Suzu,Hirose,Female,1998/6/19,,Yuka,Itaya,Female,1975/6/22,
Swapping: My Friend's Wife 2,South Korea,2018,70,Unknown,Yoo,Hae-jong,,,Eun-mi,Lee,Female,1981/1/1,,Joo-bin,Park,Female,,,Taek-seung,Yoon,Unknown,,
I Want to Eat Your Pancreas,Japan,2018,108,Male,Ushijima,Shinichiro,,,Mahiro,Takasugi,Male,1996/7/4,,Lynn,,Female,1992/6/1,,Yukiyo,Fujii,Female,1985/5/8,
blank13,Japan,2018,81,Male,Saitoh,Takumi,1981/8/22,,Issey,Takahashi,Male,1980/12/9,,Mayu,Matsuoka,Female,1995/2/15,,Takumi,Saitoh,Male,1981/8/22,
Sunny: Our Hearts Beat Together,Japan,2018,118,Male,One,Hitoshi,1968/12/28,,Ryoko,Shinohara,Female,1973/8/13,,Suzu,Hirose,Female,1998/6/19,,Yuka,Itaya,Female,1975/6/22,
Anemone: Eureka Seven Hi-Evolution,Japan,2018,95,Male,Shimizu,Hisatoshi,,,Ami,Koshimizu,Female,1986/2/15,,Runa,Tamano,Female,2008/7/23,,Yuuya,Uchida,Male,1965/12/3,
Mom's Friend 4,South Korea,2018,77,Male,Chae,Joon-woo,,,Yoo,Ri,Female,,,Sang,Woo,Male,,,Si,Hoo,Male,,
Servamp Movie: Alice in the Garden,Japan,2018,59,Male,Nakano,Hideaki,,,Takuma,Terashima,Male,1983/12/20,,Yuki,Kaji,Male,1985/9/3,,Hiro,Shimono,Male,1980/4/21,
I Feel Pretty,China,2018,110,Female,Kohn,Abby,,,Amy,Schumer,Female,1981/6/1,,Michelle,Williams,Female,1980/9/9,,Tom,Hopper,Male,1985/1/28,
Our Departures,Japan,2018,120,Male,Yoshida,Yasuhiro,,,Kasumi,Arimura,Female,1993/2/13,,Jun,Kunimura,Male,1955/11/16,,Hitomi,Miyauchi,Female,1992/10/17,
Cinderella and the Secret Prince,China,2018,90,Female,Southerland,Lynne,,,Lee Morris,Cassandra,Female,1982/4/19,,Stephen,Mendel,Male,1953/1/26,,R.Martin ,Klein,Male,1957/5/11,
An Affair: My Sister-in-law's Love,South Korea,2018,73,Male,Min,Choi,,,Chae-dam,Lee,Female,1985/6/11,,Mo-se,Do,Male,1992/9/3,,Ji-yeon,Kim,Female,,
What a Wonderful Family! 3,Japan,2018,123,Male,Yamada,Yoji,1931/9/13,,Isao,Hashizume,Male,1941/9/17,,Kazuko,Yoshiyuki,Female,1935/8/9,2025/9/2,Masahiko,Nishimura,Male,1960/12/12,
Ordinary People,South Korea,2018,99,Unknown,Im,Jin-soon,,,Don,Lee,Male,1971/3/1,,Sae-ron,Kim,Female,2000/7/31,2025/2/16,Kwang,Jang,Male,1952/1/5,
Air Strike,China,2018,127,Male,Feng,Xiao,,,Ye,Liu,Male,1978/3/23,,Bruce,Willis,Male,1955/3/19,,Adrien,Brody,Male,1973/4/14,
Air Strike,China,2018,127,Male,Feng,Xiao,,,Ye,Ye,Male,1978/3/23,,Bruce,Willis,Male,1955/3/19,,Adrien,Brody,Male,1973/4/14,
Do You Trust this Computer?,Japan,2018,78,Male,Paine,Chris,1963/1/1,,Elon,Musk,Male,1971/6/28,,Raymond,Kurzweil,Unknown,,,Jonathan,Nolan,Male,1976/6/6,
One Piece: Episode of Skypiea,Japan,2018,104,Male,Uda,Konosuke,1966/2/1,,Mayumi,Tanaka,Female,1955/1/15,,Kazuya,Nakai,Male,1967/11/25,,Akemi,Okamura,Female,1969/3/12,
Looking for Rohmer,China,2018,83,Male,Wang,Chao,1964/1/21,,J¨¦r¨¦mie,Elka?m,Male,1978/8/29,,Geng,Han,Male,1984/2/9,,Alice,de Lencquesaing,Female,1991/8/10,
Be My Master,Japan,2018,104,Male,Jojo,Hideo,1975/9/2,,Katsuya,Maiguma,Male,1987/3/28,,Aika,Yukihira,Female,1991/8/8,,Yurisa,,Female,1992/4/3,
Burning,Japan,2018,148,Male,Lee,Chang-dong,1954/4/1,,Ah-in,Yoo,Male,1986/10/6,,Steven,Yeun,Male,1983/12/21,,Jong-seo,Jun,Female,1994/7/5,
Mom's Friend 5,South Korea,2018,77,Male,Myeong-haeng,Seok Hwan,,,Yeon-woo,Shin,Male,,,Yeong-ho-I,Lee,Unknown,,,Yeon-i,Choi,Unknown,,
Magical Girl Lyrical Nanoha: Detonation,Japan,2018,111,Male,Hamana,Takayuki,1967/11/3,,Yukari,Tamura,Female,1976/2/27,,Nana,Mizuki,Female,1980/1/21,,Kana,Ueda,Female,1980/6/9,
"Love, Chunibyo & Other Delusions! Take On Me",Japan,2018,94,Male,Ishihara,Tatsuya,1966/7/31,,Jun,Fukuyama,Male,1978/11/26,,Maaya,Uchida,Female,1989/12/27,,Chinatsu,Akasaki,Female,1987/8/10,
Peacemaker Kurogane: Belief,Japan,2018,109,Male,Kimiya,Shigeru,,,Jouji,Nakata,Male,1954/4/22,,Yuji,Ueda,Male,1967/6/15,,Mitsuki,Saiga,Female,1973/6/12,
Master Z: Ip Man Legacy,Hong Kong,2018,107,Male,Yuen,Woo-Ping,1945/1/1,,Max,Zhang,Male,1974/5/19,,Dave,Bautista,Male,1969/1/18,,Michelle,Yeoh,Female,1962/8/6,
Quilty,China,2018,0,Unknown,Lu,zongyue,,,Chong Si-Man,Jacqueline,Female,1980/5/1,,Bond,Chan,Male,1980/5/15,,Cliff,Chan,Male,1985/11/25,
Batman Ninja,Japan,2018,85,Male,Mizusaki,Jumpei,1973/1/1,,Koichi,Yamadera,Male,1961/6/17,,Wataru,Takagi,Male,1966/7/25,,Rie,Kugimiya,Female,1979/5/30,
Saki Achiga-hen: Episode of Side-A,Japan,2018,112,Male,Onuma,Yoichi,1965/12/3,,Yuri,Tsunematsu,Female,1998/10/9,,Riko,Nakayama,Female,2000/10/28,,Hiyori,Sakurada,Female,2002/12/19,
Ryuichi Sakamoto: async at the Park Avenue Armory,Japan,2018,65,Male,Stephen,Nomura Schible,1970/1/1,,Ryuichi,Sakamoto,Male,1952/1/17,2023/3/28,David,Sylvian,Male,1958/2/23,,,,,,
Kamen Rider Ex-Aid Trilogy: Another Ending - Kamen Rider Para-DX with Poppy,Japan,2018,53,Male,Suzumura,Nobuhiro,1970/6/18,,Shouma,Kai,Male,1997/11/14,,Ruka,Matsuda,Female,1995/10/30,,Hiroki,Iijima,Male,1996/8/16,
Gatao 2: Rise of the King,Taiwan,2018,127,Male,Yen,Cheng-kuo,1974/10/10,2025/10/7,Shih-Sian,Wang,Male,1968/2/11,,Jack,Kao,Male,1958/4/23,,Cheng Jen-Shuo,Rexen,Male,1982/12/29,
Over Drive,Japan,2018,104,Male,Hasumi,Eiichiro,1967/3/29,,Mackenyu,,Male,1996/11/16,,Masahiro,Higashide,Male,1988/2/1,,Aoi,Morikawa,Female,1995/6/17,
Along with the Gods: The Last 49 Days,South Korea,2018,141,Male,Kim,Yong-hwa,1971/9/25,,Jung-woo,Ha,Male,1978/3/11,,Ji-hoon,Ju,Male,1982/5/16,,Hyang-gi,Kim,Female,2000/8/9,
Godzilla: The Planet Eater,Japan,2018,91,Male,Seshita,Hiroyuki,1967/1/1,,Mamoru,Miyano,Male,1983/6/8,,Takahiro,Sakurai,Male,1974/6/13,,Kana,Hanazawa,Female,1989/2/25,
Adultery Alumni Association,South Korea,2018,82,Male,Jo,Tae-ho,,,Hee-jeong,Kim,Female,1988/12/12,,Ji-yeon,Kim,Female,,,Joo,Jin,Female,,
Kamen Rider Build The Movie: Be The One,Japan,2018,65,Male,Kamihoriuchi,Kazuya,1986/10/21,,Atsuhiro,Inukai,Male,1994/6/13,,Eiji,Akaso,Male,1994/3/1,,Kaho,Takada,Female,1996/5/31,
Monster Hunt 2,China,2018,110,Male,Raman,Hui Shing-Ngai,1963/7/4,,Tony,Leung Chiu-wai,Male,1962/6/27,,Bai,Baihe,Female,1984/3/1,,Jing,Boran,Male,1989/4/19,
Parasite,South Korea,2019,133,Male,Bong,Joon Ho,1969/9/14,,Kang-ho,Song,Male,1967/1/17,,Sun-kyun,Lee,Male,1975/3/2,2023/12/27,Yeo-jeong,Cho,Female,1981/2/10,
Ne Zha,China,2019,110,Male,Jiao,Zi,1980/1/1,,Yanting,Lu,Female,1987/5/19,,Joseph,,Male,1990/10/5,,Han,Mo,Male,,
Godzilla: King of the Monsters,China,2019,132,Male,Dougherty,Michael,1974/10/28,,Kyle,Chandler,Male,1965/9/17,,Vera,Farmiga,Female,1973/8/6,,Millie,Bobby Brown,Female,2004/2/19,
My Hero Academia: Heroes Rising,Japan,2019,104,Male,Nagasaki,Kenji,1979/2/12,,Daiki,Yamashita,Male,1989/9/7,,Nobuhiko,Okamoto,Male,1986/10/24,,Yoshio,Inoue,Male,1979/7/6,
"The Gangster, the Cop, the Devil",South Korea,2019,110,Male,Lee,Won-tae,,,Don,Lee,Male,1971/3/1,,Moo-yul,Kim,Male,1982/5/22,,Sung-kyu,Kim,Male,1986/1/6,
Weathering with You,Japan,2019,112,Male,Shinkai,Makoto,1973/2/9,,Kotaro,Daigo,Male,2000/9/1,,Nana,Mori,Female,2001/8/31,,Tsubasa,Honda,Female,1992/6/27,
Human Lost,Japan,2019,110,Male,Kizaki,Fuminori,1969/3/10,,Mamoru,Miyano,Male,1983/6/8,,Kana,Hanazawa,Female,1989/2/25,,Takahiro,Sakurai,Male,1974/6/13,
Black Fox,Japan,2019,86,Male,Nomura,Kazuya,1978/1/1,,Ayaka,Nanase,Female,1994/7/11,,Haruka,Tomatsu,Female,1990/2/4,,You,Taichi,Female,1994/8/6,
Rambo: Last Blood,China,2019,89,Male,Gr¨¹nberg,Adrian,1975/3/14,,Sylvester,Stallone,Male,1946/7/6,,Paz,Vega,Female,1976/1/2,,Peris-Mencheta,Sergio,Male,1975/4/7,
Fate/stay night: Heaven's Feel II. Lost Butterfly,Japan,2019,117,Male,Sudo,Tomonori,1978/1/1,,Noriaki,Sugiyama,Male,1974/3/9,,Noriko,Shitaya,Female,1982/4/22,,Hiroshi,Kamiya,Male,1975/1/28,
Kishiryu Sentai Ryusoulger The Movie: Time Slip! Dinosaur Panic!!,Japan,2019,32,Male,Kamihoriuchi,Kazuya,1986/10/21,,Hayate,Ichinose,Male,1997/4/8,,Keito,Tsuna,Male,1998/12/24,,Ichika,Osaki,Female,2000/12/2,
Love Live! Sunshine!! The School Idol Movie: Over the Rainbow,Japan,2019,100,Male,Sakai,Kazuo,,,Anju,Inami,Female,1996/2/7,,Rikako,Aida,Female,1992/8/8,,Nanaka,Suwa,Female,1994/11/2,
P Storm,Hong Kong,2019,96,Male,Lam Tak-Luk,David,,,Louis,Koo,Male,1970/10/21,,Ka-Wing Kevin,Cheng,Male,1969/8/15,,Lam Fung,Raymond,Male,1979/12/8,
Revue Starlight ¨DThe LIVE¨D #2 Transition,Japan,2019,76,Female,Kodama,Akiko,,,Momoyo,Koyama,Female,1995/11/30,,Suzuko,Mimori,Female,1986/6/28,,Maho,Tomita,Female,1987/6/1,
The Legend of Hei,China,2019,102,Male,,MTJJ,1984/10/4,,Shan,Xin,Female,1989/1/1,,Mingyue,Liu,Male,1990/11/11,,Xianghai,Hao,Male,1986/7/28,
Grisaia: Phantom Trigger the Animation,Japan,2019,90,Male,Tanaka,Motoki,1976/6/7,,Ayane,Sakura,Female,1994/1/29,,Maaya,Uchida,Female,1989/12/27,,Atsumi,Tanezaki,Female,1990/9/27,
Men in Black: International,China,2019,115,Male,Gary,F.Gray,1969/7/17,,Chris,Hemsworth,Male,1983/8/11,,Tessa,Thompson,Female,1983/10/3,,Rebecca,Ferguson,Female,1983/10/19,
Cablestreet,China,2019,19,Unknown,Lackey,Meredith,,,Yiting,Gao,Unknown,,,Qinyingge,Luo,Unknown,,,,,,,
Aging Police / Resurrection Special,Japan,2019,0,Male,Miki,Satoshi,1961/8/9,,Joe,Odagiri,Male,1976/2/16,,Kumiko,Aso,Female,1978/6/17,,Shinji,Takeda,Male,1972/12/18,
Norm of the North: King Sized Adventure,China,2019,90,Unknown,Finn,Richard,,,Andrew,Toth,Unknown,,,Vincent,Tong,Male,1980/5/2,,Michael,Dobson,Male,1966/1/18,
The Wandering Earth,China,2019,126,Male,Gwo,Frant,1980/12/15,,Jing,Wu,Male,1974/4/3,,Chuxiao,Qu,Male,1994/12/28,,Guangjie,Li,Male,1981/4/23,
Iron Girl: Final Wars,Japan,2019,85,Male,Fujiwara,Ken'ichi,1969/9/13,,Kirara,Asuka,Female,1988/10/2,,Saki,Akai,Female,1987/1/24,,Takaya,Aoyagi,Male,1985/2/6,
A Dog's Journey,China,2019,109,Female,Mancuso,Gail,1958/7/14,,Marg,Helgenberger,Female,1958/11/16,,Betty,Gilpin,Female,1986/7/21,,Henry,Lau,Male,1989/10/11,
Lupin III: The First,Japan,2019,93,Male,Yamazaki,Takashi,1964/6/12,,Kanichi,Kurita,Male,1958/3/3,,Kiyoshi,Kobayashi,Male,1933/1/11,2022/7/30,Miyuki,Sawashiro,Female,1985/6/2,
2x1,Japan,2019,99,Male,Koshizaka,Yasushi,1966/12/25,,Iori,Kogawa,Female,1992/9/2,,Kana,Suzuna,Female,1994/3/12,,Itsuka,Hizuki,Unknown,,
A Dog's Way Home,China,2019,96,Male,Martin Smith,Charles,1953/10/30,,Bryce,Dallas Howard,Female,1981/3/2,,Hauer-King,Jonah,Male,1995/5/30,,Alexandra,Shipp,Female,1991/7/16,
Abominable,China,2019,97,Female,Culton,Jill,1973/3/20,,Chloe,Bennet,Female,1992/4/18,,Albert,Tsai,Male,2004/8/5,,Eddie,Izzard,Non-binary,1962/2/7,
Demon Slayer: Kimetsu no Yaiba - Sibling's Bond,Japan,2019,105,Male,Sotozaki,Haruo,,,Natsuki,Hanae,Male,1991/6/26,,Akari,Kito,Female,1994/10/16,,Takahiro,Sakurai,Male,1974/6/13,
Lupin III: The First,Japan,2019,93,Male,Yamazaki,Takashi,1964/6/12,,Kanichi,Kurita,Male,1958/3/3,,Kiyoshi,Kobayashi,Male,1933/1/11,2022/7/30,Miyuki,Sawashiro,Female,1985/6/2,
Swapping: Perfect Neighbor,South Korea,2019,71,Unknown,Bu-gon,Kim,,,Yoo,Jung,Female,,,Eun-mi,Lee,Female,1981/1/1,,Hae,Il,Male,,
Koisuru Anti-Hero THE MOVIE,Japan,2019,0,,,,,,Sh¨­ta,Takasaki,Male,1988/9/21,,Shouhei,Hashimoto,Male,1993/12/31,,Masakazu,Nemoto,Male,1979/4/27,
Crown Vic,Taiwan,2019,110,Male,Souza,Joel,1973/6/14,,Thomas,Jane,Male,1969/2/22,,Luke,Kleintank,Male,1990/5/18,,Josh,Hopkins,Male,1970/9/12,
Escape Plan: The Extractors,China,2019,97,Male,Herzfeld,John,1947/4/15,,Sylvester,Stallone,Male,1946/7/6,,Dave,Bautista,Male,1969/1/18,,50,Cent,Male,1975/7/6,
Abduction,China,2019,98,Male,Barbarash,Ernie,1947/1/29,,Scott,Adkins,Male,1976/6/17,,Andy,On,Male,1977/5/11,,Lily,Ji,Female,1989/12/10,
Demon Slayer: Kimetsu no Yaiba - Sibling's Bond,Japan,2019,105,Male,Sotozaki,Haruo,,,Natsuki,Hanae,Male,1991/6/26,,Akari,Kito,Female,1994/10/16,,Takahiro,Sakurai,Male,1974/6/13,
Fagara,China,2019,119,Female,Heiward,Mak Hei-Yan,1984/8/21,,Sammi,Cheng,Female,1972/8/19,,Megan,Lai,Female,1979/12/5,,Xiaofeng,Li,Female,1982/7/17,
L?DK: Two Loves Under One Roof,Japan,2019,107,Male,Kawamura,Taisuke,1968/9/27,,Mone,Kamishiraishi,Female,1998/1/27,,Yosuke,Sugino,Male,1995/9/18,,Ryusei,Yokohama,Male,1996/9/16,
Laidbackers,Japan,2019,58,Male,Hashimoto,Hiroyuki,,,Rina,Hidaka,Female,1994/6/15,,Himika,Akaneya,Female,1994/7/16,,Taichi,You,Female,1994/8/6,
Ultraman R/B The Movie: Select! The Crystal of Bond,Japan,2019,72,Male,Takesue,Masayoshi,1978/9/4,,Yuya,Hirata,Male,1993/6/20,,Ryosuke,Koike,Male,1995/11/17,,Arisa,Sonohara,Female,2001/8/24,
0.0MHz,South Korea,2019,102,Male,You,Sun-dong,1975/1/1,,Won-chang,Jung,Male,1989/9/1,,Yoon-young,Choi,Female,1986/9/25,,Ju-hwan,Shin,Male,1986/7/28,
Fagara,China,2019,119,Female,Heiward,Mak Hei-Yan,1984/8/21,,Sammi,Cheng,Female,1972/8/19,,Megan,Lai,Female,1979/12/5,,Xiaofeng,Li,Female,1982/7/17,
Iron Mask,China,2019,121,Male,Stepchenko,Oleg,1964/9/25,,Jason,Flemyng,Male,1966/9/25,,Jackie,Chan,Male,1954/4/7,,Charles,Dance,Male,1946/10/10,
Pok¨¦mon Detective Pikachu,Japan,2019,105,Male,Letterman,Rob,1970/10/31,,Ryan,Reynolds,Male,1976/10/23,,Justice,Smith,Male,1995/8/9,,Kathryn,Newton,Female,1997/2/8,
Re:ZERO -Starting Life in Another World- The Frozen Bond,Japan,2019,76,Male,Watanabe,Masaharu,,,Rie,Takahashi,Female,1994/2/27,,Yumi,Uchiyama,Female,1987/10/30,,Yusuke,Kobayashi,Male,1985/3/25,
Remain Silent,China,2019,96,Female,Zhou,Ke,,,Xun,Zhou,Female,1974/10/18,,Ng Chun-Yu,Francis,Male,1961/12/21,,Feng,Zu,Male,1974/2/23,
Greta,Hong Kong,2019,98,Male,Jordan,Neil,1950/2/25,,Chlo? Grace,Moretz,Female,1997/2/10,,Isabelle,Huppert,Female,1953/3/16,,Maika,Monroe,Female,1993/5/29,
Go Back to China,China,2019,95,Female,Ting,Emily,,,Brittany,Finamore,Female,1981/4/30,,Anna,Akana,Female,1989/8/18,,Ines,Laimins,Female,,
God Family,Japan,2019,67,Male,Oku,Wataru,1974/2/17,,Ayumi,Kimito,Female,1994/3/7,,Nonoka,Sato,Female,1996/3/12,,Takuya,Shinagawa,Male,,
Walking Man,Japan,2019,95,Male,,ANARCHY,,,Shuhei,Nomura,Male,1993/11/14,,Mio,Yuki,Female,1999/4/5,,Shuji,Kashiwabara,Male,1978/12/23,
Demon Slayer -Kimetsu no Yaiba- The Movie: Mugen Train,Japan,2020,117,Male,Sotozaki,Haruo,,,Natsuki,Hanae,Male,1991/6/26,,Akari,Kito,Female,1994/10/16,,Hiro,Shimono,Male,1980/4/21,
Fate/stay night: Heaven's Feel III. Spring Song,Japan,2020,120,Male,Sudo,Tomonori,1978/1/1,,Noriaki,Sugiyama,Male,1974/3/9,,Noriko,Shitaya,Female,1982/4/22,,Ayako,Kawasumi,Female,1976/3/30,
Sonic the Hedgehog,Japan,2020,99,Male,Fowler,Jeff,1978/7/27,,Ben,Schwartz,Male,1981/9/15,,James,Marsden,Male,1973/9/18,,Tika,Sumpter,Female,1980/6/20,
Dolittle,China,2020,101,Male,Gaghan,Stephen,1965/5/6,,Robert,Downey,Male,1965/4/4,,Harry,Collett,Male,2004/1/17,,Michael,Sheen,Male,1969/2/5,
Mom's Friend 2020,South Korea,2020,61,Unknown,Hwan,Kim,,,Ji-ah,Kim,Female,1998/3/7,,Eun-mi,Lee,Female,1981/1/1,,Seok-bong,Han,Male,,
Bosomy Mom 2,South Korea,2020,69,Male,Lee,Dong-Joon,,,Jung,Yoo,Female,,,Yi-seul,Han,Female,1996/9/17,,James,,Male,1984/8/8,
Twittering Birds Never Fly: The Clouds Gather,Japan,2020,85,Female,Makita,Kaori,,,Tarusuke,Shingaki,Male,1976/6/18,,Wataru,Hatano,Male,1982/3/13,,Hiroki,Yasumoto,Male,1977/3/16,
Minamata,Japan,2020,115,Male,Levitas,Andrew,1977/9/4,,Johnny,Depp,Male,1963/6/9,,Minami,,Female,1986/9/22,,Hiroyuki,Sanada,Male,1960/10/12,
Day Zero,China,2020,71,Male,Sim,Kevin,,,Chiwetel,Ejiofor,Male,1977/7/10,,,,,,,,,,,
Psycho-Pass 3: First Inspector,Japan,2020,137,Male,Shiotani,Naoyoshi,1977/12/27,,Takahiro,Sakurai,Male,1974/6/13,,Junichi,Suwabe,Male,1972/3/29,,Yuichi,Nakamura,Male,1980/2/20,
Day Zero,China,2020,71,Male,Sim,Kevin,,,Chiwetel,Ejiofor,Male,1977/7/10,,,,,,,,,,,
#Alive,South Korea,2020,98,Male,Cho,Il,,,Ah-in,Yoo,Male,1986/10/6,,Shin-hye,Park,Female,1990/2/18,,Hyun-wook,Lee,Male,1985/6/17,
#Alive,South Korea,2020,98,Male,Cho,Il,,,Ah-in,Yoo,Male,1986/10/6,,Shin-hye,Park,Female,1990/2/18,,Hyun-wook,Lee,Male,1985/6/17,
The Larva Island Movie,South Korea,2020,89,Unknown,Ahn,Byoung-wook,,,Bum-ki,Hong,Male,1974/12/16,,Shin-hyung,Kang,Unknown,,,Eddy,Lee,Male,,
Norm of the North: Family Vacation,China,2020,90,Male,Bell,Anthony,1973/1/1,,Andrew,Toth,Unknown,,,Lisa,Durupt,Female,1981/3/12,,Jonathan,Holmes,Male,,
Bosomy Mom,South Korea,2020,69,Male,Lee,Dong-Joon,,,Jung,Yoo,Female,,,Yi-seul,Han,Female,1996/9/17,,James,,Male,1984/8/8,
AI Amok,Japan,2020,131,Male,Irie,Yu,1979/11/25,,Takao,Osawa,Male,1968/3/11,,Kento,Kaku,Male,1989/7/3,,Alice,Hirose,Female,1994/12/11,
Grisaia: Phantom Trigger the Animation - Stargazer,Japan,2020,59,Male,Murayama,Kosuke,,,Sakura,Ayane,Female,1994/1/29,,Suzuko,Mimori,Female,1986/6/28,,Maaya,Uchida,Female,1989/12/27,
Peninsula,South Korea,2020,115,Male,Yeon,Sang-ho,1978/1/1,,Dong-won,Gang,Male,1981/1/19,,Jung-hyun,Lee,Female,1980/2/7,,Re,Lee,Female,2006/3/12,
Mellow,Japan,2020,106,Male,Imaizumi,Rikiya,1981/2/1,,Tanaka,Kei,Male,1984/7/10,,Okazaki,Sae,Female,1995/11/2,,Sara,Shida,Female,1999/7/28,
Hole-in-law,South Korea,2020,95,Male,Lee,Sang-soo,,,Seung,Ha,Female,2000/4/18,,Yi-seul,Han,Female,1996/9/17,,Do-yoon,Min,Male,1983/5/4,
Fukushima 50,Japan,2020,122,Male,Wakamatsu,Setsur?,1949/5/5,,Ken,Watanabe,Male,1959/10/21,,Koichi,Sato,Male,1960/12/10,,Hidetaka,Yoshioka,Male,1970/8/12,
A Whisker Away,Japan,2020,104,Male,Sato,Junichi,1960/3/11,,Mirai,Shida,Female,1993/5/10,,Natsuki,Hanae,Male,1991/6/26,,Koichi,Yamadera,Male,1961/6/17,
God Family 2,Japan,2020,67,Male,Oku,Wataru,1974/2/17,,Ayumi,Kimito,Female,1994/3/7,,Nonoka,Sato,Female,1996/3/12,,Yahiro,Mai,Female,1998/11/23,
Vanguard,China,2020,107,Male,Stanley,Tong Gwai-Lai,1960/4/7,,Jackie,Chan,Male,1954/4/7,,Yang,Yang,Male,1991/9/9,,Allen,,Male,1983/4/10,
Daughters,Japan,2020,105,Male,Tsuda,Hajime,,,Ayaka,Miyoshi,Female,1996/6/18,,Junko,Abe,Female,1993/5/7,,Nene,Otsuka,Female,1968/6/14,
SHIROBAKO the Movie,Japan,2020,119,Male,Mizushima,Tsutomu,1965/12/6,,Juri,Kimura,Female,1988/6/7,,Haruka,Yoshimura,Female,1986/2/14,,Haruka,Chisuga,Female,1992/1/23,
Over the Moon,China,2020,95,Male,Keane,Glen,1954/4/13,,Cathy,Ang,Female,,,Phillipa,Soo,Female,1990/5/31,,Robert,G. Chiu,Unknown,,
BEM: BECOME HUMAN,Japan,2020,90,Male,Ikehata,Hiroshi,1979/10/24,,Katsuyuki,Konishi,Male,1973/4/21,,Mao,Ichimichi,Female,1992/2/1,,Kensho,Ono,Male,1989/10/5,
Goblin Slayer: Goblin's Crown,Japan,2020,86,Male,Ozaki,Takaharu,,,Yuuichirou,Umehara,Male,1991/3/8,,Yui,Ogura,Female,1995/8/15,,Nao,Toyama,Female,1992/3/11,
North Wind: Broken Time,China,2020,0,Female,Tan,Pin Pin,1969/1/1,,,,,,,,,,,,,,,,
Videophobia,Japan,2020,89,Male,Miyazaki,Daisuke,1980/1/16,,Tomona,Hirota,Female,1987/5/14,,Sumire,Ashina,Female,1987/7/17,,Shugo,Oshinari,Male,1981/3/5,
Stand by Me Doraemon 2,Japan,2020,96,Male,Yamazaki,Takashi,1964/6/12,,Wasabi,Mizuta,Female,1974/8/4,,Megumi,Oohara,Female,1975/4/16,,Yumi,Kakazu,Female,1973/6/18,
FLYING SAPA,Japan,2020,137,Unknown,Kumiko,Ueda,,,Suzuho,Makaze,Female,1986/7/18,,Madoka,Hoshikaze,Female,1996/11/11,,Serika,Toa,Female,,
Monster Strike the Movie: Lucifer Dawn of Despair,Japan,2020,0,Male,Shizuno,Kobun,1972/9/2,,Yoko,Hikasa,Female,1985/7/16,,Nana,Mizuki,Female,1980/1/21,,Maaya,Uchida,Female,1989/12/27,
Goblin Slayer: Goblin's Crown,Japan,2020,86,Male,Ozaki,Takaharu,,,Yuuichirou,Umehara,Male,1991/3/8,,Yui,Ogura,Female,1995/8/15,,Toyama,Nao,Female,1992/3/11,
Stand by Me Doraemon 2,Japan,2020,96,Male,Yamazaki,Takashi,1964/6/12,,Wasabi,Mizuta,Female,1974/8/4,,Megumi,Oohara,Female,1975/4/16,,Yumi,Kakazu,Female,1973/6/18,
76 Days,China,2020,93,Unknown,Chen,Weixi,,,,,,,,,,,,,,,,,
Young Mother 5,South Korea,2020,95,Unknown,Jeong,Do-soo,,,Eun-mi,Lee,Female,1981/1/1,,Cheon,Yoo-ji,Female,,,Do-yoon,Min,Male,1983/5/4,
76 Days,China,2020,93,Unknown,Chen,Weixi,,,,,,,,,,,,,,,,,
Rurouni Kenshin: The Beginning,Japan,2021,138,Male,Otomo,Keishi,1966/5/6,,Takeru,Satoh,Male,1989/3/21,,Kasumi,Arimura,Female,1993/2/13,,Issey,Takahashi,Male,1980/12/9,
Jujutsu Kaisen 0,Japan,2021,105,Male,Park,Sunghoo,,,Megumi,Ogata,Female,1965/6/6,,Kana,Hanazawa,Female,1989/2/25,,Yuichi,Nakamura,Male,1980/2/20,
Rurouni Kenshin: The Final,Japan,2021,138,Male,Otomo,Keishi,1966/5/6,,Takeru,Satoh,Male,1989/3/21,,Emi,Takei,Female,1993/12/25,,Mackenyu,,Male,1996/11/16,
Anita,Hong Kong,2021,136,Male,Leung,Lok-Man,1972/3/23,,Louise,Wong,Female,1989/7/3,,Terrance,Lau Chun-Him,Male,1988/9/26,,Fish,Liew,Female,1990/3/31,
Old,China,2021,108,Male,Shyamalan,M.Night,1970/8/6,,Garc¨ªa Bernal,Gael,Male,1978/11/30,,Vicky,Krieps,Female,1983/10/4,,Rufus,Sewell,Male,1967/10/29,
Old,China,2021,108,Male,Shyamalan,M.Night,1970/8/6,,Garc¨ªa Bernal,Gael,Male,1978/11/30,,Vicky,Krieps,Female,1983/10/4,,Rufus,Sewell,Male,1967/10/29,
Rock Dog 2: Rock Around the Park,China,2021,90,Male,Baldo,Mark,,,Graham,Hamilton,Male,,,Ashleigh,Ball,Female,1983/3/31,,Andrew,Francis,Male,1985/5/27,
Extinct,China,2021,84,Male,Silverman,David,1957/3/15,,Adam,Devine,Male,1983/11/7,,Rachel,Bloom,Female,1987/4/3,,Zazie,Beetz,Female,1991/6/1,
Ryoma! The Prince of Tennis,Japan,2021,100,Male,Koujina,Hiroshi,1963/6/4,,Junko,Minagawa,Female,1975/11/22,,Takashi,Matsuyama,Male,1960/4/2,,Tomokazu,Sugita,Male,1980/10/11,
Mashin Sentai Kiramager the Movie: Bebop Dream,Japan,2021,39,Male,Yamaguchi,Kyouhei,1981/1/2,,Rio,Komiya,Male,2002/11/19,,Mio,Kudo,Female,1999/10/8,,Rui,Kihara,Male,1998/9/15,
Kakushigoto Theatrical Edition,Japan,2021,79,Male,Murano,Yuta,1984/9/24,,Hiroshi,Kamiya,Male,1975/1/28,,Rie,Takahashi,Female,1994/2/27,,Taku,Yashiro,Male,1993/1/6,
Planetarian: Snow Globe,Japan,2021,36,Male,Tamamura,Jin,,,Keiko,Suzuki,Female,,,Rina,Sato,Female,1981/5/2,,Yasumichi,Kushida,Male,1976/6/6,2023/4/1
Idol Sniper the movie,Japan,2021,68,Unknown,Inaba,Tsukasa,,,Mitsuki,Endo,Female,1992/11/21,,Yurie,Seno,Female,1991/7/12,,Riko,Fukuyama,Female,,
A Family,Japan,2021,136,Male,Fujii,Michihito,1986/8/14,,Go,Ayano,Male,1982/1/26,,Hiroshi,Tachi,Male,1950/3/31,,Machiko,Ono,Female,1981/11/4,
Tokyo 7th Sisters,Japan,2021,77,Male,Kitagawa,Takayuki,,,Minami,Shinoda,Female,1994/6/3,,Yuuki,Takada,Female,1993/3/16,,Kakuma,Ai,Female,1988/9/9,
Gintama: The Very Final,Japan,2021,104,Female,Miyawaki,Chizuru,1976/6/18,,Tomokazu,Sugita,Male,1980/10/11,,Daisuke,Sakaguchi,Male,1973/10/11,,Kugimiya,Rie,Female,1979/5/30,
Pretty Guardian Sailor Moon Eternal the Movie Part 2,Japan,2021,80,Female,Kon,Chiaki,,,Kotono,Mitsuishi,Female,1967/12/8,,Misato,Fukuen,Female,1982/1/10,,Hisako,Kanemoto,Female,1987/12/16,
99.9 Criminal Lawyer: The Movie,Japan,2021,120,Male,Kimura,Hisashi,1967/1/1,,Jun,Matsumoto,Male,1983/8/30,,Teruyuki,Kagawa,Male,1965/12/7,,Hana,Sugisaki,Female,1997/10/2,
New Gods: Nezha Reborn,China,2021,117,Male,Zhao,Ji,,,Tianxiang,Yang,Male,1990/8/14,,He,Zhang,Male,1988/6/25,,Xiaoming,Xuan,Male,1958/1/1,
In the Same Breath,China,2021,98,Female,Wang,Nanfu,1985/1/1,,,,,,,,,,,,,,,,
24 Year Old Yoon Yul's Sexy Breasts,South Korea,2021,70,,,,,,Do-yoon,Min,Male,1983/5/4,,Yoon,Yool,Female,1996/3/1,,,,,,
Aria the Crepuscolo,Japan,2021,60,Male,Sato,Junichi,1960/3/11,,Ryo,Hirohashi,Female,1977/8/5,,Rina,Sato,Female,1981/5/2,,Ai,Kayano,Female,1987/9/13,
BanG Dream! Episode of Roselia I: Promise,Japan,2021,77,Male,Mimura,Atsushi,,,Aina,Aiba,Female,1988/10/17,,Haruka,Kudou,Female,1989/3/16,,Yuki,Nakashima,Female,1997/9/12,
Mankai Movie A3!: Another Stories,Japan,2021,80,Male,Qurata,Kenji,,,Ry?gi,Yokota,Male,1994/9/9,,Ryoya,Takahashi,Male,1996/9/2,,Yuuki,Maekawa,Male,1997/12/17,
Belle,Japan,2021,121,Male,Hosoda,Mamoru,1967/9/19,,Kaho,Nakamura,Female,1992/5/26,,Ryo,Narita,Male,1993/11/22,,Shota,Sometani,Male,1992/9/3,
The Mitchells vs. the Machines,Hong Kong,2021,110,Male,Rianda,Mike,1984/12/25,,Abbi,Jacobson,Female,1984/2/1,,Danny,McBride,Male,1976/12/29,,Maya,Rudolph,Female,1972/7/27,
DAKAICHI - I'm being harassed by the sexiest man of the year - the Movie: Spain Arc,Japan,2021,78,Male,Tatsuwa,Naoyuki,,,Hiroki,Takahashi,Male,1974/9/7,,Yuki,Ono,Male,1984/6/22,,Kohsuke,Toriumi,Male,1973/5/16,
A Writer's Odyssey,China,2021,130,Male,Lu,Yang,1979/1/1,,Jiayin,Lei,Male,1983/8/29,,Mi,Yang,Female,1986/9/12,,Zijian,Dong,Male,1993/12/19,
Free! the Final Stroke the First Volume,Japan,2021,86,Male,Kawanami,Eisaku,,,Nobunaga,Shimazaki,Male,1988/12/6,,Tatsuhisa,Suzuki,Male,1983/11/11,,Mamoru,Miyano,Male,1983/6/8,
The Medium,South Korea,2021,131,Male,Pisanthanakun,Banjong,1979/9/11,,Narilya,Gulmongkolpech,Female,2000/3/26,,Sawanee,Utoomma,Female,,,Sirani,Yankittikan,Unknown,,
Green Snake,China,2021,132,Male,Wong,Amp,,,Xiaoxi,Tang,Female,,,Zhang,Fuzheng,Male,1995/11/10,,Wei,Chao,Male,1987/7/1,
The Witch: Part 2. The Other One,South Korea,2022,137,Male,Park,Hoon-jung,,,Shin,Sia,Female,1998/5/12,,Park,Eun-bin,Female,1992/9/4,,Eun-soo,Seo,Female,1994/3/2,
Tuberose,Japan,2022,87,Unknown,Fuchizawa,Yuki,,,Yuki,Kiyose,Female,1997/2/25,,Kenta,Matsui,Unknown,1997/8/1,,Hiroyuki,Matsumoto,Male,1980/5/31,
Sonic the Hedgehog 2,Japan,2022,123,Male,Fowler,Jeff,1978/7/27,,Ben,Schwartz,Male,1981/9/15,,James,Marsden,Male,1973/9/18,,Tika,Sumpter,Female,1980/6/20,
Marmaduke,Hong Kong,2022,87,Male,Mark,A.Z. Dipp¨¦,1956/11/9,,Pete,Davidson,Male,1993/11/16,,Simmons,J.K.,Male,1955/1/9,,David,Koechner,Male,1962/8/24,
20th Century Girl,South Korea,2022,119,Female,Bang,Woo-ri,,,Yoo-jung,Kim,Female,1999/9/22,,Woo-seok,Byeon,Male,1991/10/31,,Jung-woo,Park,Male,1996/1/19,
Moonfall,Hong Kong,2022,131,Male,Emmerich,Roland,1955/11/10,,Halle,Berry,Female,1966/8/14,,Patrick,Wilson,Male,1973/7/3,,John,Bradley,Male,1988/9/15,
7 Secretaries: The Movie,Japan,2022,0,Male,Tamura,Naoki,,,Fumino,Kimura,Female,1987/10/19,,Alice,Hirose,Female,1994/12/11,,Nanao,,Female,1988/10/28,
Avataro Sentai Donbrothers The Movie: New First Love Hero,Japan,2022,33,Male,Tasaki,Ryuta,1964/4/19,,Kouhei,Higuchi,Male,2000/11/30,,Yuuki,Beppu,Male,1998/11/24,,Kohaku,Shida,Female,2004/5/25,
The Roundup,South Korea,2022,106,Male,Lee,Sang-yong,,,Don,Lee,Male,1971/3/1,,Suk-ku,Son,Male,1983/2/7,,Gwi-hwa,Choi,Male,1978/3/3,
Alienoid,South Korea,2022,142,Male,Choi,Dong-hoon,1970/11/30,,Jun-yeol,Ryu,Male,1986/9/25,,Woo-bin,Kim,Male,1989/7/16,,Tae-ri,Kim,Female,1990/4/24,
Decision to Leave,South Korea,2022,139,Male,Park,Chan-wook,1963/8/23,,Wei,Tang,Female,1979/10/7,,Hae-il,Park,Male,1977/1/26,,Jung-hyun,Lee,Female,1980/2/7,
One Piece Film Red,Japan,2022,115,Male,Taniguchi,Goro,1966/10/18,,Mayumi,Tanaka,Female,1955/1/15,,Kazuya,Nakai,Male,1967/11/25,,Shuichi,Ikeda,Male,1949/12/2,
Suzume,Japan,2022,122,Male,Shinkai,Makoto,1973/2/9,,Nanoka,Hara,Female,2003/8/26,,Hokuto,Matsumura,Male,1995/6/18,,Eri,Fukatsu,Female,1973/1/11,
Sabakan,Japan,2022,96,Male,Kanazawa,Tomoki,1974/1/1,,Banke,Ichiro,Unknown,,,Konosuke,Harada,Male,2010/2/2,,Machiko,Ono,Female,1981/11/4,
The First Slam Dunk,Japan,2022,125,Male,Inoue,Takehiko,1967/1/12,,Shugo,Nakamura,Male,1988/7/28,,Jun,Kasama,Male,,,Kenta,Miyake,Male,1977/8/23,
Serve the People,South Korea,2022,146,Male,Jang,Cheol-soo,1974/5/15,,Woo-jin,Yeon,Male,1984/7/5,,an,Ji,Female,1983/12/11,,Seong-ha,Cho,Male,1966/8/8,
Dr. Coto's Clinic,Japan,2022,134,Male,Nakae,Isamu,1963/6/13,,Hidetaka,Yoshioka,Male,1970/8/12,,Ko,Shibasaki,Female,1981/8/5,,Saburo,Tokito,Male,1958/2/4,
xxxHOLiC,Japan,2022,110,Female,Ninagawa,Mika,1972/10/18,,Ryunosuke,Kamiki,Male,1993/5/19,,Ko,Shibasaki,Female,1981/8/5,,Hokuto,Matsumura,Male,1995/6/18,
"The Tunnel to Summer, the Exit of Goodbyes",Japan,2022,83,Male,Taguchi,Tomohisa,1985/4/27,,Ouji,Suzuka,Male,2000/1/11,,Marie,Iitoyo,Female,1998/1/5,,Tasuku,Hatanaka,Male,1994/8/7,
Living,Japan,2022,102,Male,Hermanus,Oliver,1983/5/26,,Bill,Nighy,Male,1949/12/12,,Lou Wood,Aimee,Female,1994/2/3,,Alex,Sharp,Male,1989/2/2,
The Darker the Lake,Hong Kong,2022,100,Female,Lok,Kwan Woo,,,Elyse,Levesque,Female,1985/9/10,,Veronica,Ferres,Female,1965/6/10,,Gina,Stiebitz,Female,1997/10/1,
Anima Possession,Hong Kong,2022,25,Male,Wai,Mo Chan,,,Jace,Chan,Female,1994/3/11,,Fish,Liew,Female,1990/3/31,,Ka-Ki,Sham,Male,1990/7/24,
Dragon Ball Super: Super Hero,Japan,2022,99,Male,Kodama,Tetsuro,1978/1/1,,Masako,Nozawa,Female,1936/10/25,,Toshio,Furukawa,Male,1946/7/16,,Yuko,Minaguchi,Female,1966/6/26,
Project Wolf Hunting,South Korea,2022,122,Male,Kim,Hong-sun,1976/10/21,,In-guk,Seo,Male,1987/10/23,,Dong-yoon,Jang,Male,1992/7/12,,Ho-san,Park,Male,1972/10/18,
BTS: Permission to Dance on Stage - LA,South Korea,2022,130,Male,Park,Jun-soo,,,RM,,Male,1994/9/12,,Jin,,Male,1992/12/4,,Suga,,Male,1993/3/9,
Incantation,Taiwan,2022,111,Male,Ko,Kevin,1983/10/27,,Ina,Tsai,Female,1987/11/20,,Ven,Kao,Male,1978/11/24,,Sin-Ting,Huang,Female,2015/10/15,
6/45,South Korea,2022,113,Male,Park,Gyu-tae,,,Go,Kyung-pyo,Male,1990/6/11,,Yi-kyung,Lee,Male,1989/1/8,,Mun-suk,Um,Male,1982/12/7,
The Super Mario Bros. Movie,Japan,2023,93,Male,Jelenic,Michael,1977/5/12,,Chris,Pratt,Male,1979/6/21,,Taylor-Joy,Anya,Female,1996/4/16,,Charlie,Day,Male,1976/2/9,
Godzilla Minus One,Japan,2023,124,Male,Yamazaki,Takashi,1964/6/12,,Ryunosuke,Kamiki,Male,1993/5/19,,Minami,Hamabe,Female,2000/8/29,,Yuki,Yamada,Male,1990/9/18,
Jamojaya,Hong Kong,2023,90,Male,Chon,Justin,1981/5/29,,Rich,Brian,Male,1999/9/3,,Yayu,Unru,Male,1962/6/4,2023/12/8,Lyn Sheil,Kate,Female,1985/6/13,
The Boy and the Heron,Japan,2023,124,Male,Miyazaki,Hayao,1941/1/5,,Soma,Santoki,Male,2005/6/6,,Masaki,Suda,Male,1993/2/21,,Ko,Shibasaki,Female,1981/8/5,
The Roundup: No Way Out,South Korea,2023,105,Male,Lee,Sang-yong,,,Don,Lee,Male,1971/3/1,,Jun-hyuk,Lee,Male,1984/3/13,,Munetaka,Aoki,Male,1980/3/14,
REVOLUTION+1,Japan,2023,80,Male,Adachi,Masao,1939/5/13,,Soran,Tamoto,Male,1991/11/12,,Satoko,Iwasaki,Female,1966/11/6,,F¨±ta,Muraki,Male,1994/9/14,
"Miraculous: Ladybug & Cat Noir, The Movie",China,2023,100,Male,Zag,Jeremy,1985/3/24,,Anouck,Hautbois,Female,,,Benjamin,Bollen,Male,1984/1/24,,Fanny,Bloc,Female,,
The Wandering Earth II,China,2023,173,Male,Gwo,Frant,1980/12/15,,Jing,Wu,Male,1974/4/3,,Andy,Lau,Male,1961/9/27,,Xuejian,Li,Male,1954/2/20,
Meg 2: The Trench,China,2023,116,Male,Wheatley,Ben,1972/5/7,,Jason,Statham,Male,1967/7/26,,Jing,Wu,Male,1974/4/3,,Sophia Cai,Shuya,Female,2008/4/22,
Brave Citizen,South Korea,2023,112,Male,Park,Jin-pyo,1966/1/1,,Shin,Hye-sun,Female,1989/8/31,,Jun-young,Lee,Male,1997/1/22,,Jung-woo,Park,Male,1996/1/19,
The Wandering Earth II,China,2023,173,Male,Gwo,Frant,1980/12/15,,Jing,Wu,Male,1974/4/3,,Andy,Lau,Male,1961/9/27,,Xuejian,Li,Male,1954/2/20,
"Miraculous: Ladybug & Cat Noir, The Movie",China,2023,100,Male,Zag,Jeremy,1985/3/24,,Anouck,Hautbois,Female,,,Benjamin,Bollen,Male,1984/1/24,,Fanny,Bloc,Female,,
Creation of the Gods I: Kingdom of Storms,China,2023,148,Male,,Wuershan,1972/1/1,,Shi,Yu,Male,1996/12/22,,Kris,Phillips,Male,1960/12/24,,Xuejian,Li,Male,1954/2/20,
The King of Snipers,China,2023,98,Male,Huo,Chris,,,Xing,Yang,Female,1990/3/23,,Prince Mak,Henry,Male,1990/5/24,,Donghe,Li,Male,1989/2/24,
New Dimension! Crayon Shin-chan the Movie: Battle of Supernatural Powers ~Flying Sushi~,Japan,2023,94,Male,One,Hitoshi,1968/12/28,,Yumiko,Kobayashi,Female,1979/6/18,,Narahashi,Miki,Female,1960/1/25,,Toshiyuki,Morikawa,Male,1967/1/26,
Phantom,South Korea,2023,132,Male,Lee,Hae-young,1973/1/1,,Kyung-gu,Sul,Male,1967/5/14,,Hanee,Lee,Female,1983/3/2,,So-dam,Park,Female,1991/9/8,
The Monkey King,China,2023,92,Male,Stacchi,Anthony,1964/7/27,,Jimmy,O. Yang,Male,1987/6/11,,Bowen,Yang,Male,1990/11/6,,Hoang-Rappaport,Jolie,Female,2005/11/5,
SPY x FAMILY CODE: White,Japan,2023,110,Male,Katagiri,Takashi,,,Takuya,Eguchi,Male,1987/5/27,,Atsumi,Tanezaki,Female,1990/9/27,,Saori,Hayami,Female,1991/5/29,
The Abandoned,Taiwan,2023,104,Male,Tseng,Ying-Ting,,,Ning,Chang,Female,1982/9/4,,Ethan,Juan,Male,1982/11/8,,An-Shun,Yu,Male,1967/11/5,
Bad Lands,Japan,2023,143,Male,Harada,Masato,1949/7/3,,Sakura,Ando,Female,1986/2/18,,Ryosuke,Yamada,Male,1993/5/9,,Katsuhisa,Namase,Male,1960/10/13,
Rock Dog 3: Battle the Beat,China,2023,90,Male,Bell,Anthony,1973/1/1,,Graham,Hamilton,Male,,,Ashleigh,Ball,Female,1983/3/31,,Andrew,Francis,Male,1985/5/27,
Sakra,China,2023,130,Male,Yen,Donnie,1963/7/27,,Donnie,Yen,Male,1963/7/27,,Yukee,Chen,Female,1997/7/29,,Liu,Yase,Female,1989/1/13,
Resident Evil: Death Island,Japan,2023,91,Male,Hasumi,Eiichiro,1967/3/29,,Matthew,Mercer,Male,1982/6/29,,Nicole,Tompkins,Female,1998/2/2,,Kevin,Dorman,Male,1984/10/15,
Winny,Japan,2023,127,Male,Matsumoto,Yusaku,,,Masahiro,Higashide,Male,1988/2/1,,Takahiro,Miura,Male,1985/11/10,,Sarutoki,Minagawa,Male,1971/2/1,
Detective Conan: Black Iron Submarine,Japan,2023,110,Male,Tachikawa,Yuzuru,1981/12/2,,Minami,Takayama,Female,1964/5/5,,Wakana,Yamazaki,Female,1965/3/21,,Rikiya,Koyama,Male,1963/12/18,
Resident Evil: Death Island,Japan,2023,91,Male,Hasumi,Eiichiro,1967/3/29,,Matthew,Mercer,Male,1982/6/29,,Nicole,Tompkins,Female,1998/2/2,,Kevin,Dorman,Male,1984/10/15,
Black Clover: Sword of the Wizard King,Japan,2023,113,Male,Tanemura,Ayataka,,,Gakuto,Kajiwara,Male,1994/11/28,,Nobunaga,Shimazaki,Male,1988/12/6,,Junichi,Suwabe,Male,1972/3/29,
Ballerina,South Korea,2023,93,Male,Lee,Chung-hyun,1990/1/26,,Jong-seo,Jun,Female,1994/7/5,,Ji-hoon,Kim,Male,1981/5/9,,Yu-rim,Park,Female,1993/2/6,
My Beautiful Man: Eternal,Japan,2023,103,Female,Mai,Sakai,1991/8/22,,Riku,Hagiwara,Male,1999/2/28,,Yusei,Yagi,Male,1997/5/6,,Nimura,Sawa,Female,1994/10/13,
Candle in the Tomb: The Worm Valley,China,2023,94,Male,Dai,Yilin,1987/1/1,,Liqun,Luo,Male,1983/11/27,,Weiwei,Zhang,Male,1989/5/21,,Xue'er,Hu,Female,1994/1/13,
Bureau 749,China,2024,123,Male,Lu,Chuan,1971/2/8,,Karry,Wang,Male,1999/9/21,,Miao,Miao,Female,1988/11/29,,Ryan,Zheng,Male,1986/4/17,
A Legend,China,2024,129,Male,Stanley,Tong Gwai-Lai,1960/4/7,,Jackie,Chan,Male,1954/4/7,,Yixing,Zhang,Male,1991/10/7,,Gulnezer,Bextiyar,Female,1992/5/2,
The Prosecutor,China,2024,117,Male,Yen,Donnie,1963/7/27,,Donnie,Yen,Male,1963/7/27,,Ng Chun-Yu,Francis,Male,1961/12/21,,Cheung Chi-Lam,Julian,Male,1971/8/27,
The Storm,China,2024,102,Male,,Busifan,,,Hao,Chen,Male,1979/2/14,,Xingliner,,Female,,,,,,,
Fuuto PI: The Portrait of Kamen Rider Skull,Japan,2024,82,Male,Kabashima,Yosuke,,,Kenjiro,Tsuda,Male,1971/6/11,,Yoshimasa,Hosoya,Male,1982/2/10,,Koki,Uchiyama,Male,1990/8/16,
Striking Rescue,China,2024,106,Male,Cheng,Siyi,,,Tony,Jaa,Male,1976/2/5,,Eason,Hung,Male,1991/8/29,,Xing,Yu,Male,1978/12/27,
My Hero Academia: You're Next,Japan,2024,110,Male,Okamura,Tensai,1961/12/13,,Daiki,Yamashita,Male,1989/9/7,,Meru,Nukumi,Female,2002/3/6,,Mamoru,Miyano,Male,1983/6/8,
Solo Leveling -ReAwakening-,Japan,2024,116,Male,Nakashige,Shunsuke,,,Taito,Ban,Male,1992/12/18,,Genta,Nakamura,Male,1995/5/14,,Haruna,Mikawa,Female,1998/2/23,
The Garfield Movie,Hong Kong,2024,101,Male,Mark,Dindal,1960/5/31,,Chris,Pratt,Male,1979/6/21,,Samuel,L. Jackson,Male,1948/12/21,,Hannah,Waddingham,Female,1974/7/28,
Anaconda,China,2024,84,Unknown,Xiang,Qiuliang,,,Nita,Xia,Female,1990/1/8,,Yin Chi-Wai,Terence,Male,1975/5/19,,Xingchen,Wang,Female,1999/10/12,
The Roundup: Punishment,South Korea,2024,109,Male,Heo,Myeong-haeng,,,Don,Lee,Male,1971/3/1,,Moo-yul,Kim,Male,1982/5/22,,Ji-hwan,Park,Male,1980/9/5,
18¡Á2 Beyond Youthful Days,Japan,2024,124,Male,Fujii,Michihito,1986/8/14,,Greg,Hsu,Male,1990/10/31,,Kaya,Kiyohara,Female,2002/1/30,,Joseph,Chang,Male,1983/12/28,
Bloody Escape: Bats Out of Hell,Japan,2024,98,Male,Taniguchi,Goro,1966/10/18,,Jun,Fukuyama,Male,1978/11/26,,Show,Hayami,Male,1958/8/2,,Rina,Hidaka,Female,1994/6/15,
BLUE LOCK THE MOVIE -EPISODE NAGI-,Japan,2024,91,Male,Ishikawa,Shunsuke,,,Nobunaga,Shimazaki,Male,1988/12/6,,Yuma,Uchida,Male,1992/9/21,,Kazuyuki,Okitsu,Male,1980/3/8,
The Lord of the Rings: The War of the Rohirrim,Japan,2024,134,Male,Kamiyama,Kenji,1966/3/20,,Brian,Cox,Male,1946/6/1,,Gaia,Wise,Female,1999/12/4,,Luke,Pasqualino,Male,1990/2/19,
Big World,China,2024,131,Female,Yang,Lina,,,Jackson,Yee,Male,2000/11/28,,Diana,Lin,Female,1962/1/1,,Qinqin,Jiang,Female,1975/9/5,
Exhuma,South Korea,2024,134,Male,Jang,Jae-hyun,1981/1/1,,Choi,Min-sik,Male,1962/1/22,,Go-eun,Kim,Female,1991/7/2,,Hai-jin,Yoo,Male,1970/1/4,
In the Belly of a Tiger,China,2024,91,Unknown,Jatla,Siddhartha,,,Lawrence,Francis,Unknown,,,Poonam,Tiwari,Unknown,,,Sourabh,Jaiswar,Unknown,,
Eye for an Eye 2,China,2024,90,Male,Yang,Bingjia,1992/2/22,,Xie,Miao,Male,1984/5/2,,Enyou,Yang,Female,2013/10/16,,Tao,Huang,Male,1992/6/26,
Panda Plan,China,2024,99,Male,Zhang,Luan,1981/4/11,,Jackie,Chan,Male,1954/4/7,,Ce,Shi,Female,1993/6/30,,Wei,Xiang,Male,1979/10/22,
Ohsama Sentai King-Ohger IN SPACE,Japan,2024,17,Male,Sakamoto,Koichi,1970/9/29,,Taisei,Sakai,Male,1998/4/1,,Aoto,Watanabe,Male,1998/1/19,,Erica,Murakami,Female,2000/8/13,
Hidden Face,South Korea,2024,113,Male,Kim,Dae-woo,1962/1/1,,Seung-heon,Song,Male,1976/10/5,,Yeo-jeong,Cho,Female,1981/2/10,,Ji-hyun,Park,Female,1994/11/26,
Case Closed: The Million-Dollar Pentagram,Japan,2024,110,Female,Nagaoka,Chika,,,Minami,Takayama,Female,1964/5/5,,Wakana,Yamazaki,Female,1965/3/21,,Rikiya,Koyama,Male,1963/12/18,
Look Back,Japan,2024,58,Male,Oshiyama,Kiyotaka,1982/1/3,,Yuumi,Kawai,Female,2000/12/19,,Mizuki,Yoshida,Female,2003/3/10,,Yoichiro,Saito,Male,1972/11/9,
Hunt the Wicked,China,2024,103,Male,Huo,Chris,,,Xie,Miao,Male,1984/5/2,,Andy,On,Male,1977/5/11,,Andrew,Lin Hoi,Male,1969/8/7,
Hijack 1971,South Korea,2024,100,Male,Kim,Sung-han,,,Jung-woo,Ha,Male,1978/3/11,,Jin-goo,Yeo,Male,1997/8/13,,Dong-il,Sung,Male,1967/4/27,
Attack on Titan: THE LAST ATTACK,Japan,2024,145,Male,Hayashi,Yuichiro,,,Yuki,Kaji,Male,1985/9/3,,Yui,Ishikawa,Female,1989/5/30,,Marina,Inoue,Female,1985/1/20,
Drawing Closer,Japan,2024,119,Male,Miki,Takahiro,1974/8/29,,Ren,Nagase,Male,1999/1/23,,Natsuki,Deguchi,Female,2001/10/4,,Mayuu,Yokota,Female,1999/6/30,
Chime,Japan,2024,45,Male,Kurosawa,Kiyoshi,1955/7/19,,Mutsuo,Yoshioka,Male,1976/7/11,,Seiichi,Kohinata,Male,1995/6/4,,Hana,Amano,Female,1995/9/1,
Doraemon the Movie: Nobita's Earth Symphony,Japan,2024,115,Male,Imai,Kazuaki,,,Wasabi,Mizuta,Female,1974/8/4,,Megumi,Oohara,Female,1975/4/16,,Yumi,Kakazu,Female,1973/6/18,
The Traveller,China,2024,134,Male,,Wuershan,1972/1/1,,Xianxu,Hu,Male,2000/8/17,,Vanda,Margraf,Female,2003/6/18,,William,Feng,Male,1978/10/7,
Twilight of the Warriors: Walled In,China,2024,125,Male,Cheang,Soi,1972/1/5,,Lam Fung,Raymond,Male,1979/12/8,,Louis,Koo,Male,1970/10/21,,Hung Kam-Bo,Sammo,Male,1952/1/7,
Oshi no Ko -The Final Act-,Japan,2024,129,Male,,Smith,1975/1/1,,Nagisa,Saito,Female,2003/7/6,,Kaito,Sakurai,Male,2001/4/13,,Asuka,Saito,Female,1998/8/10,
Project Silence,South Korea,2024,96,Male,Kim,Tae-gon,,,Sun-kyun,Lee,Male,1975/3/2,2023/12/27,Ji-hoon,Ju,Male,1982/5/16,,Hie-won,Kim,Male,1971/1/10,
BanG Dream! It's MyGO!!!!! Movie,Japan,2024,118,Male,Kakimoto,Kohdai,,,Hina,Youmiya,Female,2000/3/26,,Rin,Tateishi,Female,2001/7/10,,Hina,Aoki,Female,2000/1/5,
given the Movie: To the Sea,Japan,2024,80,Female,Hashimoto,Noriko,,,Shogo,Yano,Male,1989/3/19,,Yuma,Uchida,Male,1992/9/21,,Masatomo,Nakazawa,Male,1983/2/14,
Mobile Suit Gundam SEED FREEDOM,Japan,2024,125,Male,Fukuda,Mitsuo,,,Soichiro,Hoshi,Male,1972/5/30,,Rie,Tanaka,Female,1979/1/3,,Akira,Ishida,Male,1967/11/2,
Dragonkeeper,China,2024,99,Unknown,Li,Jian-Ping,,,Mario,Gas,Male,1947/2/5,,Luc¨ªa,P¨¦rez,Unknown,,,Fernando,Castro,Unknown,,
Alienoid: Return to the Future,South Korea,2024,122,Male,Choi,Dong-hoon,1970/11/30,,Jun-yeol,Ryu,Male,1986/9/25,,Tae-ri,Kim,Female,1990/4/24,,Woo-bin,Kim,Male,1989/7/16,
News Pok¨¦mon Satellite,Japan,2024,0,,,,,,Sh¨­hei,Osada,Male,1980/1/28,,Rina,Yamamoto,Female,1994/6/4,,Shun,Matsuo,Male,1982/8/18,
HAIKYU!! The Dumpster Battle,Japan,2024,85,Male,Mitsunaka,Susumu,,,Ayumu,Murase,Male,1988/12/14,,Kaito,Ishikawa,Male,1993/10/13,,Yuki,Kaji,Male,1985/9/3,
Oomuro-ke: Dear Friends,Japan,2024,44,Male,Tatsuwa,Naoyuki,,,Emiri,Kato,Female,1983/11/26,,Rina,Hidaka,Female,1994/6/15,,Chiwa,Saito,Female,1981/3/12,
"I, the Executioner",South Korea,2024,118,Male,Ryoo,Seung-wan,1973/12/15,,Jung-min,Hwang,Male,1970/9/1,,Hae-in,Jung,Male,1988/4/1,,Dal-su,Oh,Male,1968/6/15,
Cells at Work!,Japan,2024,110,Male,Takeuchi,Hideki,1966/10/9,,Mei,Nagano,Female,1999/9/24,,Takeru,Satoh,Male,1989/3/21,,Mana,Ashida,Female,2004/6/23,
City Hunter,Japan,2024,105,Male,Satoh,Yuichi,1962/8/18,,Ryohei,Suzuki,Male,1983/3/29,,Misato,Morita,Female,1996/9/13,,Masanobu,Ando,Male,1975/5/19,
City Hunter,Japan,2024,105,Male,Satoh,Yuichi,1962/8/18,,Ryohei,Suzuki,Male,1983/3/29,,Misato,Morita,Female,1996/9/13,,Masanobu,Ando,Male,1975/5/19,
Badland Hunters,South Korea,2024,107,Male,Heo,Myeong-haeng,,,Don,Lee,Male,1971/3/1,,Jun-young,Lee,Male,1997/1/22,,Hee-jun,Lee,Male,1979/6/29,
Golden Kamuy,Japan,2024,129,Male,Kubo,Shigeaki,1973/9/25,,Kento,Yamazaki,Male,1994/9/7,,Anna,Yamada,Female,2001/1/8,,Gordon,Maeda,Male,2000/1/9,
Golden Kamuy,Japan,2024,129,Male,Kubo,Shigeaki,1973/9/25,,Kento,Yamazaki,Male,1994/9/7,,Anna,Yamada,Female,2001/1/8,,Gordon,Maeda,Male,2000/1/9,
Cells at Work!,Japan,2024,110,Male,Takeuchi,Hideki,1966/10/9,,Mei,Nagano,Female,1999/9/24,,Takeru,Satoh,Male,1989/3/21,,Mana,Ashida,Female,2004/6/23,
Unification of Japan 65,Japan,2024,74,Male,Tsuji,Hiroyuki,1963/5/23,,Yasukaze,Motomiya,Male,1972/2/7,,Yoshiyuki,Yamaguchi,Male,1971/8/6,,Yoshimi,Tachi,Male,1973/9/19,
The Shadow's Edge,China,2025,142,Male,Yang,Larry,1981/2/11,,Jackie,Chan,Male,1954/4/7,,Zifeng,Zhang,Female,2001/8/27,,Leung Ka-fai,Tony,Male,1958/2/1,
JUJUTSU KAISEN: Execution -Shibuya Incident x The Culling Game Begins-,Japan,2025,88,Male,Goshozono,Shota,1992/10/7,,Junya,Enoki,Male,1988/10/19,,Megumi,Ogata,Female,1965/6/6,,Koji,Yusa,Male,1968/8/12,
Demon Slayer: Kimetsu no Yaiba Infinity Castle,Japan,2025,156,Male,Sotozaki,Haruo,,,Natsuki,Hanae,Male,1991/6/26,,Hiro,Shimono,Male,1980/4/21,,Takahiro,Sakurai,Male,1974/6/13,
Chainsaw Man - The Movie: Reze Arc,Japan,2025,100,Male,Yoshihara,Tatsuya,1988/12/9,,Kikunosuke,Toya,Male,1998/11/30,,Reina,Ueda,Female,1994/1/17,,Shiori,Izawa,Female,1987/2/1,
No Other Choice,South Korea,2025,139,Male,Park,Chan-wook,1963/8/23,,Byung-hun,Lee,Male,1970/7/12,,Ye-jin,Son,Female,1982/1/11,,Hee-soon,Park,Male,1970/2/13,
Monster Island,Japan,2025,83,Male,Wiluan,Mike,,,Dean,Fujioka,Male,1980/8/19,,Callum,Woodhouse,Male,1994/1/7,,Alan,Maxson,Male,1984/6/22,
Holy Night: Demon Hunters,South Korea,2025,92,Male,Lim,Dae-hee,1975/9/26,,Don,Lee,Male,1971/3/1,,Seohyun,,Female,1991/6/28,,David,Lee,Male,1994/3/3,
Ne Zha 2,China,2025,144,Male,Jiao,Zi,1980/1/1,,Yanting,Lu,Female,1987/5/19,,Joseph,,Male,1990/10/5,,Mo,Han,Male,,
Nobody,China,2025,118,Male,Shui,Yu,1978/1/1,,Ziping,Chen,Male,,,Yang,Lu,Unknown,,,Wenliang,Dong,Male,,
Mantis,South Korea,2025,113,Male,Lee,Tae-sung,1985/4/21,,Si-wan,Yim,Male,1988/12/1,,Gyu-young,Park,Female,1994/7/27,,Hyun-wook,Choi,Male,2002/1/30,
Dollhouse,Japan,2025,110,Male,Yaguchi,Shinobu,1967/5/30,,Masami,Nagasawa,Female,1987/6/3,,Koji,Seto,Male,1988/5/18,,Tetsushi,Tanaka,Male,1966/2/18,
Dead Again,South Korea,2025,74,Male,Son,Hyeon-woo,1979/5/25,,Tae-jin,Kim,Male,1992/12/21,,Seo,Rina,Female,1988/9/8,,Yoo,Mi,Female,,
Kaiju No. 8: Mission Recon,Japan,2025,110,Male,Miya,Shigeyuki,1975/11/14,,Masaya,Fukunishi,Male,1995/2/24,,Wataru,Katoh,Male,,,Fairouz,Ai,Female,1993/7/6,
Dear Stranger,Japan,2025,138,Male,Mariko,Tetsuya,1981/7/12,,Hidetoshi,Nishijima,Male,1971/3/29,,Lun-Mei,Gwei,Female,1983/12/25,,Julian,Wang,Male,,
Creation of the Gods II: Demon Force,China,2025,145,Male,,Wuershan,1972/1/1,,Bo,Huang,Male,1974/8/26,,Shi,Yu,Male,1996/12/22,,Nashi,,Female,1989/12/6,
Legends of the Condor Heroes: The Gallants,China,2025,147,Male,Hark,Tsui,1950/2/15,,Zhan,Xiao,Male,1991/10/5,,Sabrina,Zhuang,Female,2001/2/8,,Leung Ka-fai,Tony,Male,1958/2/1,
GATAO: Big Brothers,Taiwan,2025,0,Male,Chiang,Jui-Chih,1980/6/11,,Jack,Kao,Male,1958/4/23,,Chen-Nan,Tsai,Male,1954/7/26,,Bo,Tai,Male,1950/10/21,
JUJUTSU KAISEN: Hidden Inventory / Premature Death - The Movie,Japan,2025,111,Male,Goshozono,Shota,1992/10/7,,Yuichi,Nakamura,Male,1980/2/20,,Sakurai,Takahiro,Male,1974/6/13,,Anna,Nagase,Female,2005/3/31,
You Are the Apple of My Eye,South Korea,2025,102,Female,Cho,Young-myoung,,,Jin-young,Jung,Male,1991/11/16,,DAHYUN,,Female,1998/5/28,,Demian,,Male,1994/3/12,
Samurai Fury,Japan,2025,135,Male,Irie,Yu,1979/11/25,,Yo,Oizumi,Male,1973/4/3,,Kento,Nagao,Male,2002/8/15,,Wakana,Matsumoto,Female,1984/2/25,
Under Ninja,Japan,2025,123,Male,Fukuda,Yuichi,1968/7/12,,Kento,Yamazaki,Male,1994/9/7,,Minami,Hamabe,Female,2000/8/29,,Amane,Okayama,Male,1994/6/17,
Omniscient Reader: The Prophecy,South Korea,2025,117,Male,Kim,Byung-woo,1980/1/1,,Hyo-seop,Ahn,Male,1995/4/17,,Min-ho,Lee,Male,1987/6/22,,Soo-bin,Chae,Female,1994/7/10,
Senpai Is an Otokonoko Movie: Sunshine After the Rain,Japan,2025,83,Male,Yanagi,Shinsuke,,,Shuichiro,Umeda,Male,1995/10/11,,Akira,Sekine,Female,,,Yuma,Uchida,Male,1992/9/21,
1st Kiss,Japan,2025,124,Female,Tsukahara,Ayuko,,,Takako,Matsu,Female,1977/6/10,,Hokuto,Matsumura,Male,1995/6/18,,Riho,Yoshioka,Female,1993/1/15,
The Legend of Hei 2,China,2025,119,Unknown,Gu,Jie,,,Xing,Shan,Female,1989/1/1,,Mingyue,Liu,Male,1990/11/11,,Jing,Zhu,Female,,
Detective Conan: One-Eyed Flashback,Japan,2025,109,Male,Shigehara,Katsuya,,,Minami,Takayama,Female,1964/5/5,,Kappei,Yamaguchi,Male,1965/5/23,,Wakana,Yamazaki,Female,1965/3/21,
Ya Boy Kongming! The Movie,Japan,2025,118,Male,Shibue,Shuhei,,,Osamu,Mukai,Male,1982/2/7,,Moka,Kamishiraishi,Female,2000/2/28,,Mirai,Moriyama,Male,1984/8/20,
Demon City,Japan,2025,106,Male,Tanaka,Seiji,1987/8/21,,Toma,Ikuta,Male,1984/10/7,,Masahiro,Higashide,Male,1988/2/1,,Miou,Tanaka,Male,1974/7/4,
Batman Ninja vs. Yakuza League,Japan,2025,90,Male,Mizusaki,Jumpei,1973/1/1,,Koichi,Yamadera,Male,1961/6/17,,Yuki,Kaji,Male,1985/9/3,,Kengo,Kawanishi,Male,1985/2/18,
Dead to Rights,China,2025,137,Male,Shen,Ao,1986/9/11,,Haoran,Liu,Male,1997/10/10,,Eric,Wang,Male,1985/10/18,,Ye,Gao,Female,1987/12/6,
The King of Kings,South Korea,2025,102,Male,Jang,Seong-ho,1970/12/24,,Oscar,Isaac,Male,1979/3/9,,Kenneth,Branagh,Male,1960/12/10,,Uma,Thurman,Female,1970/4/29,
The Great Flood,South Korea,2025,106,Male,Kim,Byung-woo,1980/1/1,,Da-mi,Kim,Female,1995/4/9,,Hae-soo,Park,Male,1981/11/21,,Kyu-na,Kim,Female,2013/8/23,
Resurrection,China,2025,160,Male,Gan,Bi,1989/6/4,,Jackson,Yee,Male,2000/11/28,,Qin,Shu,Female,1976/4/16,,Mark,Chao,Male,1984/9/25,
Kygo: Back at the Bowl,South Korea,2025,101,Male,Wrench,Sam,,,Kygo,,Male,1991/9/11,,Parson,James,Unknown,,,Ryan,Tedder,Male,1979/6/26,
Good News,South Korea,2025,136,Male,Byun,Sung-hyun,1980/12/2,,Kyung-gu,Sul,Male,1967/5/14,,Kyung,Hong,Male,1996/2/14,,Seung-bum,Ryoo,Male,1980/8/9,
Exit 8,Japan,2025,95,Male,Kawamura,Genki,1979/3/12,,Kazunari,Ninomiya,Male,1983/6/17,,Yamato,Kochi,Male,,,Naru,Asanuma,Unknown,,
Fights Break Sphere 4: Escape,China,2025,78,Male,Zhao,Xiaoding,1968/12/22,,Victor,Ma,Male,1996/3/20,,Shuguang,Gao,Male,1964/4/21,,Jiuxiao,Li,Male,1990/5/20,
Kokuho,Japan,2025,174,Male,Lee,Sang-il,1974/1/6,,Ryo,Yoshizawa,Male,1994/2/1,,Ryusei,Yokohama,Male,1996/9/16,,Mitsuki,Takahata,Female,1991/12/14,
Stardom Crimson Nightmare 2025,Japan,2025,181,,,,,,Momo,Watanabe,Female,2000/3/22,,Saya,Kamitani,Female,1996/11/28,,Starlight,Kid,Female,2001/8/18,
Tabekko Doubutsu: THE MOVIE,Japan,2025,90,Male,Takekiyo,Hitoshi,,,Genta,Matsuda,Male,1999/4/20,,Koshi,Mizukami,Male,1999/5/12,,Akari,Takaishi,Female,2002/12/19,
Ultraman Arc the Movie: The Clash of Light and Evil,Japan,2025,75,Male,Tsujimoto,Takanori,,,Yuki,Totsuka,Male,2000/3/14,,Kaneta,Sho,Male,2000/1/9,,Kaho,Mizutani,Female,1997/11/3,
King of Painting,China,2025,0,Male,Li,Kelong,1979/4/19,,Kelong,Li,Male,1979/4/19,,Huan,He,Male,1989/1/22,,Pari,,Female,1998/12/12,
Kamen Rider Majade with Girls Remix,Japan,2025,26,Male,Sakamoto,Koichi,1970/9/29,,Reiyo,Matsumoto,Female,2008/2/29,,Hikaru,Yamamoto,Female,1991/2/28,,Angela,Mei,Female,1997/4/29,
The Furious,Hong Kong,2025,114,Male,Tanigaki,Kenji,1970/10/13,,Miao,Xie,Male,1984/5/2,,Enyou,Yang,Female,2013/10/16,,Joe,Taslim,Male,1981/6/23,
Blazing Fists,Japan,2025,120,Male,Miike,Takashi,1960/8/24,,Danhi,Kinoshita,Unknown,,,Kaname,Yoshizawa,Male,2003/7/12,,Gackt,,Male,1973/7/4,
Cocoon: Aru Natsu no Shoujo-tachi yori,Japan,2025,0,Male,Ina,Yukimitsu,1997/1/17,,Marika,Ito,Female,1996/2/20,,Hikari,Mitsushima,Female,1985/11/30,,Yoko,Hikasa,Female,1985/7/16,
Love Live! Nijigasaki High School Idol Club Final Chapter Part 2,Japan,2025,75,Male,Kawamura,Tomoyuki,,,Hinaki,Yano,Female,1997/3/5,,Aguri,Oonishi,Female,1997/5/2,,Mayu,Sagara,Female,1995/4/17,
Squid Game: Making Season 2,South Korea,2025,28,,,,,,Dong-hyuk,Hwang,Male,1971/5/26,,Jung-jae,Lee,Male,1972/12/15,,Byung-hun,Lee,Male,1970/7/12,
The Old Woman with the Knife,South Korea,2025,123,Male,Min,Kyu-dong,1970/9/12,,Hye-young,Lee,Female,1962/11/25,,Sung-cheol,Kim,Male,1991/12/31,,Woo-jin,Yeon,Male,1984/7/5,
Bullet Train Explosion,Japan,2025,137,Male,Higuchi,Shinji,1965/9/22,,Tsuyoshi,Kusanagi,Male,1974/7/9,,Machiko,Ono,Female,1981/11/4,,Jun,Kaname,Male,1981/2/21,
Golden Boy,Hong Kong,2025,0,Male,Chan,Joe,1966/1/16,,Louis,Cheung,Male,1980/1/11,,Leander,Lau,Male,2008/3/21,,Rosa,Maria Velasco,Female,1983/3/12,
Double Netorare: Otoko 2 ¡Á Onna 2 no Yume to Genjitsu,Japan,2025,0,Male,Donomoto,Keita,,,Rio,Kuriyama,Female,1998/8/2,,Rima,Arai,Female,2000/10/3,,Suzu,Matsuoka,Female,1995/8/11,
